timestamp,spot_price,vix,pcr,max_pain
2026-08-12 10:20:56 IST,24403.1,12.0,0.85,24500
2026-08-12 10:23:02 IST,24375.7,12.0,0.85,24500
2026-08-12 10:33:08 IST,24390.65,11.76,0.85,24500
2026-08-12 10:33:23 IST,24393.8,11.71,0.85,24500
2026-08-12 10:33:36 IST,24397.2,12.0,0.85,24500
2026-08-12 11:31:44 IST,24292.15,11.97,0.85,24500
2026-08-12 11:32:11 IST,24292.3,11.96,0.85,24500
2026-08-12 11:32:33 IST,24296.15,12.0,0.85,24500
2026-08-12 11:33:06 IST,24294.9,12.0,0.85,24500
2026-08-12 11:33:06 IST,24294.9,12.0,0.85,24500
2026-08-12 11:34:03 IST,24294.4,12.0,0.85,24500
2026-08-12 11:34:03 IST,24294.4,12.0,0.85,24500
2026-08-12 11:34:55 IST,24303.1,12.0,0.85,24500
2026-08-12 11:34:55 IST,24303.1,12.0,0.85,24500
2026-08-12 11:35:46 IST,24294.75,12.0,0.85,24500
2026-08-12 11:35:46 IST,24294.75,12.0,0.85,24500
2026-08-12 11:36:39 IST,24295.85,12.0,0.85,24500
2026-08-12 11:36:39 IST,24295.85,12.0,0.85,24500
2026-08-12 11:36:49 IST,24295.0,11.97,0.85,24500
2026-08-12 11:37:11 IST,24294.1,11.97,0.85,24500
2026-08-12 11:37:28 IST,24293.9,12.0,0.85,24500
2026-08-12 11:38:04 IST,24294.5,12.0,0.85,24500
2026-08-12 11:38:05 IST,24294.5,12.0,0.85,24500
2026-08-12 11:39:00 IST,24291.1,12.0,0.85,24500
2026-08-12 11:39:00 IST,24291.1,12.0,0.85,24500
2026-08-12 11:39:58 IST,24286.3,12.0,0.85,24500
2026-08-12 11:39:58 IST,24286.3,12.0,0.85,24500
2026-08-12 11:40:55 IST,24279.9,12.0,0.85,24500
2026-08-12 11:40:55 IST,24279.9,12.0,0.85,24500
2026-08-12 11:41:54 IST,24284.05,12.0,0.85,24500
2026-08-12 11:41:54 IST,24284.05,12.0,0.85,24500
2026-08-12 11:42:54 IST,24283.85,12.0,0.85,24500
2026-08-12 11:42:54 IST,24283.85,12.0,0.85,24500
2026-08-12 11:43:52 IST,24283.8,12.0,0.85,24500
2026-08-12 11:43:52 IST,24283.8,12.0,0.85,24500
2026-08-12 11:44:49 IST,24297.2,12.0,0.85,24500
2026-08-12 11:44:50 IST,24297.2,12.0,0.85,24500
2026-08-12 11:45:47 IST,24294.05,12.0,0.85,24500
2026-08-12 11:45:48 IST,24294.05,12.0,0.85,24500
2026-08-12 11:46:41 IST,24296.85,12.0,0.85,24500
2026-08-12 11:46:41 IST,24296.85,12.0,0.85,24500
2026-08-12 11:47:35 IST,24291.55,12.0,0.85,24500
2026-08-12 11:47:35 IST,24291.55,12.0,0.85,24500
2026-08-12 11:48:31 IST,24288.85,12.0,0.85,24500
2026-08-12 11:48:32 IST,24288.85,12.0,0.85,24500
2026-08-12 11:49:28 IST,24291.6,12.0,0.85,24500
2026-08-12 11:49:29 IST,24291.6,12.0,0.85,24500
2026-08-12 11:50:26 IST,24289.4,12.0,0.85,24500
2026-08-12 11:50:26 IST,24289.4,12.0,0.85,24500
2026-08-12 11:51:25 IST,24286.25,12.0,0.85,24500
2026-08-12 11:51:26 IST,24286.25,12.0,0.85,24500
2026-08-12 11:52:27 IST,24285.35,12.0,0.85,24500
2026-08-12 11:52:27 IST,24285.35,12.0,0.85,24500
2026-08-12 11:53:28 IST,24285.6,12.0,0.85,24500
2026-08-12 11:53:28 IST,24285.6,12.0,0.85,24500
2026-08-12 11:54:27 IST,24281.9,12.0,0.85,24500
2026-08-12 11:54:28 IST,24281.9,12.0,0.85,24500
2026-08-12 11:55:28 IST,24273.55,12.0,0.85,24500
2026-08-12 11:55:29 IST,24273.55,12.0,0.85,24500
2026-08-12 11:56:30 IST,24281.6,12.0,0.85,24500
2026-08-12 11:56:30 IST,24281.6,12.0,0.85,24500
2026-08-12 11:57:31 IST,24283.0,12.0,0.85,24500
2026-08-12 11:57:31 IST,24283.0,12.0,0.85,24500
2026-08-12 11:58:33 IST,24278.8,12.0,0.85,24500
2026-08-12 11:58:33 IST,24278.8,12.0,0.85,24500
2026-08-12 11:58:54 IST,24278.85,12.0,0.85,24500
2026-08-12 11:59:33 IST,24281.2,12.0,0.85,24500
2026-08-12 11:59:34 IST,24281.2,12.0,0.85,24500
2026-08-12 12:00:28 IST,24278.2,12.0,0.85,24500
2026-08-12 12:00:28 IST,24278.2,12.0,0.85,24500
2026-08-12 12:01:21 IST,24279.6,12.0,0.85,24500
2026-08-12 12:01:21 IST,24279.6,12.0,0.85,24500
2026-08-12 12:02:14 IST,24278.35,12.0,0.85,24500
2026-08-12 12:02:14 IST,24278.35,12.0,0.85,24500
2026-08-12 12:03:07 IST,24276.8,12.0,0.85,24500
2026-08-12 12:03:08 IST,24276.8,12.0,0.85,24500
2026-08-12 12:03:55 IST,24277.15,12.0,0.85,24500
2026-08-12 12:03:56 IST,24277.15,12.0,0.85,24500
2026-08-12 12:04:47 IST,24274.8,12.0,0.85,24500
2026-08-12 12:04:48 IST,24274.8,12.0,0.85,24500
2026-08-12 12:05:40 IST,24273.25,12.0,0.85,24500
2026-08-12 12:05:40 IST,24273.25,12.0,0.85,24500
2026-08-12 12:06:32 IST,24276.7,12.0,0.85,24500
2026-08-12 12:06:32 IST,24276.7,12.0,0.85,24500
2026-08-12 12:07:21 IST,24277.55,12.0,0.85,24500
2026-08-12 12:07:22 IST,24277.55,12.0,0.85,24500
2026-08-12 12:08:13 IST,24278.45,12.0,0.85,24500
2026-08-12 12:08:13 IST,24278.45,12.0,0.85,24500
2026-08-12 12:09:04 IST,24276.3,12.0,0.85,24500
2026-08-12 12:09:05 IST,24276.3,12.0,0.85,24500
2026-08-12 12:10:08 IST,24583.8,12.0,0.85,24500
2026-08-12 12:10:18 IST,24583.8,12.0,0.85,24500
2026-08-12 12:11:18 IST,24583.8,12.0,0.85,24500
2026-08-12 12:11:28 IST,24583.8,12.0,0.85,24500
2026-08-12 12:12:22 IST,24583.8,12.0,0.85,24500
2026-08-12 12:12:32 IST,24583.8,12.0,0.85,24500
2026-08-12 12:13:27 IST,24583.8,12.0,0.85,24500
2026-08-12 12:13:37 IST,24583.8,12.0,0.85,24500
2026-08-12 12:14:32 IST,24583.8,12.0,0.85,24500
2026-08-12 12:14:42 IST,24583.8,12.0,0.85,24500
2026-08-12 12:15:36 IST,24583.8,12.0,0.85,24500
2026-08-12 12:15:46 IST,24583.8,12.0,0.85,24500
2026-08-12 12:16:41 IST,24583.8,12.0,0.85,24500
2026-08-12 12:16:51 IST,24583.8,12.0,0.85,24500
2026-08-12 12:17:58 IST,24583.8,12.0,0.85,24500
2026-08-12 12:18:09 IST,24583.8,12.0,0.85,24500
2026-08-12 12:19:04 IST,24583.8,12.0,0.85,24500
2026-08-12 12:19:14 IST,24583.8,12.0,0.85,24500
2026-08-12 12:20:08 IST,24583.8,12.0,0.85,24500
2026-08-12 12:20:18 IST,24583.8,12.0,0.85,24500
2026-08-12 12:21:13 IST,24583.8,12.0,0.85,24500
2026-08-12 12:21:23 IST,24583.8,12.0,0.85,24500
2026-08-12 12:22:18 IST,24583.8,12.0,0.85,24500
2026-08-12 12:22:28 IST,24583.8,12.0,0.85,24500
2026-08-12 12:23:28 IST,24583.8,12.0,0.85,24500
2026-08-12 12:23:38 IST,24583.8,12.0,0.85,24500
2026-08-12 12:24:25 IST,24583.8,12.0,0.85,24500
2026-08-12 12:24:35 IST,24583.8,12.0,0.85,24500
2026-08-12 12:25:24 IST,24583.8,12.0,0.85,24500
2026-08-12 12:25:34 IST,24583.8,12.0,0.85,24500
2026-08-12 12:26:26 IST,24583.8,12.0,0.85,24500
2026-08-12 12:26:36 IST,24583.8,12.0,0.85,24500
2026-08-12 12:27:14 IST,24275.5,12.0,0.85,24500
2026-08-12 12:27:14 IST,24275.5,12.0,0.85,24500
2026-08-12 12:27:51 IST,24276.55,12.0,0.85,24500
2026-08-12 12:27:51 IST,24276.55,12.0,0.85,24500
2026-08-12 12:28:30 IST,24277.35,12.0,0.85,24500
2026-08-12 12:28:30 IST,24277.35,12.0,0.85,24500
2026-08-12 12:29:05 IST,24278.55,12.0,0.85,24500
2026-08-12 12:29:05 IST,24278.55,12.0,0.85,24500
2026-08-12 12:29:44 IST,24279.55,12.0,0.85,24500
2026-08-12 12:29:45 IST,24279.55,12.0,0.85,24500
2026-08-12 12:30:36 IST,24281.35,12.0,0.85,24500
2026-08-12 12:30:36 IST,24281.35,12.0,0.85,24500
2026-08-12 12:31:15 IST,24279.05,12.0,0.85,24500
2026-08-12 12:31:15 IST,24279.05,12.0,0.85,24500
2026-08-12 12:32:02 IST,24280.65,12.0,0.85,24500
2026-08-12 12:32:02 IST,24280.65,12.0,0.85,24500
2026-08-12 12:32:46 IST,24279.6,12.0,0.85,24500
2026-08-12 12:32:46 IST,24279.6,12.0,0.85,24500
2026-08-12 12:33:31 IST,24282.75,12.0,0.85,24500
2026-08-12 12:33:31 IST,24282.75,12.0,0.85,24500
2026-08-12 12:34:16 IST,24288.9,12.0,0.85,24500
2026-08-12 12:34:16 IST,24288.9,12.0,0.85,24500
2026-08-12 12:34:57 IST,24288.35,12.0,0.85,24500
2026-08-12 12:34:57 IST,24288.35,12.0,0.85,24500
2026-08-12 12:35:32 IST,24290.25,12.0,0.85,24500
2026-08-12 12:35:32 IST,24290.25,12.0,0.85,24500
2026-08-12 12:36:07 IST,24286.45,12.0,0.85,24500
2026-08-12 12:36:07 IST,24286.45,12.0,0.85,24500
2026-08-12 12:36:43 IST,24287.1,12.0,0.85,24500
2026-08-12 12:36:43 IST,24287.1,12.0,0.85,24500
2026-08-12 12:37:20 IST,24286.5,12.0,0.85,24500
2026-08-12 12:37:21 IST,24286.5,12.0,0.85,24500
2026-08-12 12:37:56 IST,24286.3,12.0,0.85,24500
2026-08-12 12:37:56 IST,24286.3,12.0,0.85,24500
2026-08-12 12:38:44 IST,24286.3,12.0,0.85,24500
2026-08-12 12:38:44 IST,24286.3,12.0,0.85,24500
2026-08-12 12:39:25 IST,24286.55,12.0,0.85,24500
2026-08-12 12:39:25 IST,24286.55,12.0,0.85,24500
2026-08-12 12:40:05 IST,24289.15,12.0,0.85,24500
2026-08-12 12:40:05 IST,24289.15,12.0,0.85,24500
2026-08-12 12:40:53 IST,24291.75,12.0,0.85,24500
2026-08-12 12:40:53 IST,24291.75,12.0,0.85,24500
2026-08-12 12:41:34 IST,24295.75,12.0,0.85,24500
2026-08-12 12:41:35 IST,24295.75,12.0,0.85,24500
2026-08-12 12:42:11 IST,24301.25,12.0,0.85,24500
2026-08-12 12:42:11 IST,24301.25,12.0,0.85,24500
2026-08-12 12:42:52 IST,24298.35,12.0,0.85,24500
2026-08-12 12:42:52 IST,24298.35,12.0,0.85,24500
2026-08-12 12:43:48 IST,24283.2,12.0,0.85,24500
2026-08-12 12:43:49 IST,24283.2,12.0,0.85,24500
2026-08-12 12:44:41 IST,24283.7,12.0,0.85,24500
2026-08-12 12:44:42 IST,24283.7,12.0,0.85,24500
2026-08-12 12:45:30 IST,24283.5,12.0,0.85,24500
2026-08-12 12:45:31 IST,24283.5,12.0,0.85,24500
2026-08-12 12:46:11 IST,24282.25,12.0,0.85,24500
2026-08-12 12:46:11 IST,24282.25,12.0,0.85,24500
2026-08-12 12:46:47 IST,24280.05,12.0,0.85,24500
2026-08-12 12:46:47 IST,24280.05,12.0,0.85,24500
2026-08-12 12:47:27 IST,24278.5,12.0,0.85,24500
2026-08-12 12:47:28 IST,24278.5,12.0,0.85,24500
2026-08-12 12:48:05 IST,24283.85,12.0,0.85,24500
2026-08-12 12:48:05 IST,24283.85,12.0,0.85,24500
2026-08-12 12:48:44 IST,24285.6,12.0,0.85,24500
2026-08-12 12:48:44 IST,24285.6,12.0,0.85,24500
2026-08-12 12:49:28 IST,24284.25,12.0,0.85,24500
2026-08-12 12:49:29 IST,24284.25,12.0,0.85,24500
2026-08-12 12:50:10 IST,24282.4,12.0,0.85,24500
2026-08-12 12:50:10 IST,24282.4,12.0,0.85,24500
2026-08-12 12:50:48 IST,24282.6,12.0,0.85,24500
2026-08-12 12:50:48 IST,24282.6,12.0,0.85,24500
2026-08-12 12:51:24 IST,24288.3,12.0,0.85,24500
2026-08-12 12:51:24 IST,24288.3,12.0,0.85,24500
2026-08-12 12:52:00 IST,24287.8,12.0,0.85,24500
2026-08-12 12:52:01 IST,24287.8,12.0,0.85,24500
2026-08-12 12:52:38 IST,24286.8,12.0,0.85,24500
2026-08-12 12:52:38 IST,24286.8,12.0,0.85,24500
2026-08-12 12:53:13 IST,24285.4,12.0,0.85,24500
2026-08-12 12:53:13 IST,24285.4,12.0,0.85,24500
2026-08-12 12:53:49 IST,24284.25,12.0,0.85,24500
2026-08-12 12:53:50 IST,24284.25,12.0,0.85,24500
2026-08-12 12:54:25 IST,24281.1,12.0,0.85,24500
2026-08-12 12:54:25 IST,24281.1,12.0,0.85,24500
2026-08-12 12:55:03 IST,24276.25,12.0,0.85,24500
2026-08-12 12:55:04 IST,24276.25,12.0,0.85,24500
2026-08-12 12:56:09 IST,24273.5,12.0,0.85,24500
2026-08-12 12:56:09 IST,24273.5,12.0,0.85,24500
2026-08-12 12:57:13 IST,24271.3,12.0,0.85,24500
2026-08-12 12:57:13 IST,24271.3,12.0,0.85,24500
2026-08-12 12:58:05 IST,24271.7,12.0,0.85,24500
2026-08-12 12:58:05 IST,24271.7,12.0,0.85,24500
2026-08-12 12:58:53 IST,24273.3,12.0,0.85,24500
2026-08-12 12:58:53 IST,24273.3,12.0,0.85,24500
2026-08-12 12:59:42 IST,24275.05,12.0,0.85,24500
2026-08-12 12:59:42 IST,24275.05,12.0,0.85,24500
2026-08-12 13:00:32 IST,24275.05,12.0,0.85,24500
2026-08-12 13:00:33 IST,24275.05,12.0,0.85,24500
2026-08-12 13:01:38 IST,24279.7,12.0,0.85,24500
2026-08-12 13:01:38 IST,24279.7,12.0,0.85,24500
2026-08-12 13:02:27 IST,24282.15,12.0,0.85,24500
2026-08-12 13:02:27 IST,24282.15,12.0,0.85,24500
2026-08-12 13:03:15 IST,24285.05,12.0,0.85,24500
2026-08-12 13:03:15 IST,24285.05,12.0,0.85,24500
2026-08-12 13:04:02 IST,24284.5,12.0,0.85,24500
2026-08-12 13:04:02 IST,24284.5,12.0,0.85,24500
2026-08-12 13:04:51 IST,24284.45,12.0,0.85,24500
2026-08-12 13:04:51 IST,24284.45,12.0,0.85,24500
2026-08-12 13:05:38 IST,24279.85,12.0,0.85,24500
2026-08-12 13:05:38 IST,24279.85,12.0,0.85,24500
2026-08-12 13:06:29 IST,24281.65,12.0,0.85,24500
2026-08-12 13:06:30 IST,24281.65,12.0,0.85,24500
2026-08-12 13:07:15 IST,24280.6,12.0,0.85,24500
2026-08-12 13:07:15 IST,24280.6,12.0,0.85,24500
2026-08-12 13:08:05 IST,24280.0,12.0,0.85,24500
2026-08-12 13:08:05 IST,24280.0,12.0,0.85,24500
2026-08-12 13:08:53 IST,24281.55,12.0,0.85,24500
2026-08-12 13:08:53 IST,24281.55,12.0,0.85,24500
2026-08-12 13:09:39 IST,24279.85,12.0,0.85,24500
2026-08-12 13:09:39 IST,24279.85,12.0,0.85,24500
2026-08-12 13:10:27 IST,24280.3,12.0,0.85,24500
2026-08-12 13:10:27 IST,24280.3,12.0,0.85,24500
2026-08-12 13:11:14 IST,24280.55,12.0,0.85,24500
2026-08-12 13:11:15 IST,24280.55,12.0,0.85,24500
2026-08-12 13:12:04 IST,24281.2,12.0,0.85,24500
2026-08-12 13:12:04 IST,24281.2,12.0,0.85,24500
2026-08-12 13:13:12 IST,24281.2,12.0,0.85,24500
2026-08-12 13:13:12 IST,24281.2,12.0,0.85,24500
2026-08-12 13:14:32 IST,24284.9,12.0,0.85,24500
2026-08-12 13:14:33 IST,24284.9,12.0,0.85,24500
2026-08-12 13:15:44 IST,24285.9,12.0,0.85,24500
2026-08-12 13:15:44 IST,24285.9,12.0,0.85,24500
2026-08-12 13:17:01 IST,24293.05,12.0,0.85,24500
2026-08-12 13:17:02 IST,24293.05,12.0,0.85,24500
2026-08-12 13:18:01 IST,24293.1,12.0,0.85,24500
2026-08-12 13:18:02 IST,24293.1,12.0,0.85,24500
2026-08-12 13:18:47 IST,24298.15,12.0,0.85,24500
2026-08-12 13:18:47 IST,24298.15,12.0,0.85,24500
2026-08-12 13:19:33 IST,24299.4,12.0,0.85,24500
2026-08-12 13:19:33 IST,24299.4,12.0,0.85,24500
2026-08-12 13:20:29 IST,24295.45,12.0,0.85,24500
2026-08-12 13:20:30 IST,24295.45,12.0,0.85,24500
2026-08-12 13:21:26 IST,24294.5,12.0,0.85,24500
2026-08-12 13:21:26 IST,24294.5,12.0,0.85,24500
2026-08-12 13:22:20 IST,24292.75,12.0,0.85,24500
2026-08-12 13:22:21 IST,24292.75,12.0,0.85,24500
2026-08-12 13:23:13 IST,24293.7,12.0,0.85,24500
2026-08-12 13:23:14 IST,24293.7,12.0,0.85,24500
2026-08-12 13:23:58 IST,24293.1,12.0,0.85,24500
2026-08-12 13:23:58 IST,24293.1,12.0,0.85,24500
2026-08-12 13:24:43 IST,24294.8,12.0,0.85,24500
2026-08-12 13:24:44 IST,24294.8,12.0,0.85,24500
2026-08-12 13:25:29 IST,24296.4,12.0,0.85,24500
2026-08-12 13:25:29 IST,24296.4,12.0,0.85,24500
2026-08-12 13:26:13 IST,24293.75,12.0,0.85,24500
2026-08-12 13:26:14 IST,24293.75,12.0,0.85,24500
2026-08-12 13:26:56 IST,24294.4,12.0,0.85,24500
2026-08-12 13:26:57 IST,24294.4,12.0,0.85,24500
2026-08-12 13:27:43 IST,24290.45,12.0,0.85,24500
2026-08-12 13:27:43 IST,24290.45,12.0,0.85,24500
2026-08-12 13:28:30 IST,24284.3,12.0,0.85,24500
2026-08-12 13:28:30 IST,24284.3,12.0,0.85,24500
2026-08-12 13:29:17 IST,24291.1,12.0,0.85,24500
2026-08-12 13:29:18 IST,24291.1,12.0,0.85,24500
2026-08-12 13:30:05 IST,24296.25,12.0,0.85,24500
2026-08-12 13:30:06 IST,24296.25,12.0,0.85,24500
2026-08-12 13:30:53 IST,24297.0,12.0,0.85,24500
2026-08-12 13:30:54 IST,24297.0,12.0,0.85,24500
2026-08-12 13:31:44 IST,24294.25,12.0,0.85,24500
2026-08-12 13:31:44 IST,24294.25,12.0,0.85,24500
2026-08-12 13:32:33 IST,24294.5,12.0,0.85,24500
2026-08-12 13:32:33 IST,24294.5,12.0,0.85,24500
2026-08-12 13:33:15 IST,24293.9,12.0,0.85,24500
2026-08-12 13:33:15 IST,24293.9,12.0,0.85,24500
2026-08-12 13:33:55 IST,24294.4,12.0,0.85,24500
2026-08-12 13:33:56 IST,24294.4,12.0,0.85,24500
2026-08-12 13:34:33 IST,24292.95,12.0,0.85,24500
2026-08-12 13:34:34 IST,24292.95,12.0,0.85,24500
2026-08-12 13:35:12 IST,24295.9,12.0,0.85,24500
2026-08-12 13:35:13 IST,24295.9,12.0,0.85,24500
2026-08-12 13:35:53 IST,24297.25,12.0,0.85,24500
2026-08-12 13:35:54 IST,24297.25,12.0,0.85,24500
2026-08-12 13:36:33 IST,24300.05,12.0,0.85,24500
2026-08-12 13:36:34 IST,24300.05,12.0,0.85,24500
2026-08-12 13:37:04 IST,24299.85,12.0,0.85,24500
2026-08-12 13:37:05 IST,24299.85,12.0,0.85,24500
2026-08-12 13:37:35 IST,24297.3,12.0,0.85,24500
2026-08-12 13:37:35 IST,24297.3,12.0,0.85,24500
2026-08-12 13:38:06 IST,24293.1,12.0,0.85,24500
2026-08-12 13:38:06 IST,24293.1,12.0,0.85,24500
2026-08-12 13:38:38 IST,24291.65,12.0,0.85,24500
2026-08-12 13:38:38 IST,24291.65,12.0,0.85,24500
2026-08-12 13:39:12 IST,24291.0,12.0,0.85,24500
2026-08-12 13:39:12 IST,24291.0,12.0,0.85,24500
2026-08-12 13:39:43 IST,24290.15,12.0,0.85,24500
2026-08-12 13:39:43 IST,24290.15,12.0,0.85,24500
2026-08-12 13:40:15 IST,24296.1,12.0,0.85,24500
2026-08-12 13:40:15 IST,24296.1,12.0,0.85,24500
2026-08-12 13:40:46 IST,24295.95,12.0,0.85,24500
2026-08-12 13:40:46 IST,24295.95,12.0,0.85,24500
2026-08-12 13:41:17 IST,24294.35,12.0,0.85,24500
2026-08-12 13:41:17 IST,24294.35,12.0,0.85,24500
2026-08-12 13:41:48 IST,24292.05,12.0,0.85,24500
2026-08-12 13:41:48 IST,24292.05,12.0,0.85,24500
2026-08-12 13:42:22 IST,24289.2,12.0,0.85,24500
2026-08-12 13:42:22 IST,24289.2,12.0,0.85,24500
2026-08-12 13:42:53 IST,24289.5,12.0,0.85,24500
2026-08-12 13:42:53 IST,24289.5,12.0,0.85,24500
2026-08-12 13:43:24 IST,24287.55,12.0,0.85,24500
2026-08-12 13:43:24 IST,24287.55,12.0,0.85,24500
2026-08-12 13:43:55 IST,24290.25,12.0,0.85,24500
2026-08-12 13:43:56 IST,24290.25,12.0,0.85,24500
2026-08-12 13:44:27 IST,24287.0,12.0,0.85,24500
2026-08-12 13:44:27 IST,24287.0,12.0,0.85,24500
2026-08-12 13:44:58 IST,24289.95,12.0,0.85,24500
2026-08-12 13:44:59 IST,24289.95,12.0,0.85,24500
2026-08-12 13:45:30 IST,24286.9,12.0,0.85,24500
2026-08-12 13:45:30 IST,24286.9,12.0,0.85,24500
2026-08-12 13:46:02 IST,24287.6,12.0,0.85,24500
2026-08-12 13:46:02 IST,24287.6,12.0,0.85,24500
2026-08-12 13:46:33 IST,24287.4,12.0,0.85,24500
2026-08-12 13:46:34 IST,24287.4,12.0,0.85,24500
2026-08-12 13:47:05 IST,24286.75,12.0,0.85,24500
2026-08-12 13:47:06 IST,24286.75,12.0,0.85,24500
2026-08-12 13:47:37 IST,24284.5,12.0,0.85,24500
2026-08-12 13:47:37 IST,24284.5,12.0,0.85,24500
2026-08-12 13:48:08 IST,24285.6,12.0,0.85,24500
2026-08-12 13:48:09 IST,24285.6,12.0,0.85,24500
2026-08-12 13:48:41 IST,24285.8,12.0,0.85,24500
2026-08-12 13:48:41 IST,24285.8,12.0,0.85,24500
2026-08-12 13:49:12 IST,24284.9,12.0,0.85,24500
2026-08-12 13:49:12 IST,24284.9,12.0,0.85,24500
2026-08-12 13:49:43 IST,24288.45,12.0,0.85,24500
2026-08-12 13:49:44 IST,24288.45,12.0,0.85,24500
2026-08-12 13:50:15 IST,24288.5,12.0,0.85,24500
2026-08-12 13:50:15 IST,24288.5,12.0,0.85,24500
2026-08-12 13:50:47 IST,24286.95,12.0,0.85,24500
2026-08-12 13:50:47 IST,24286.95,12.0,0.85,24500
2026-08-12 13:51:18 IST,24288.85,12.0,0.85,24500
2026-08-12 13:51:19 IST,24288.85,12.0,0.85,24500
2026-08-12 13:51:50 IST,24288.25,12.0,0.85,24500
2026-08-12 13:51:51 IST,24288.25,12.0,0.85,24500
2026-08-12 13:52:22 IST,24289.2,12.0,0.85,24500
2026-08-12 13:52:22 IST,24289.2,12.0,0.85,24500
2026-08-12 13:52:53 IST,24288.95,12.0,0.85,24500
2026-08-12 13:52:54 IST,24288.95,12.0,0.85,24500
2026-08-12 13:53:26 IST,24290.8,12.0,0.85,24500
2026-08-12 13:53:27 IST,24290.8,12.0,0.85,24500
2026-08-12 13:53:58 IST,24287.5,12.0,0.85,24500
2026-08-12 13:53:59 IST,24287.5,12.0,0.85,24500
2026-08-12 13:54:32 IST,24287.75,12.0,0.85,24500
2026-08-12 13:54:33 IST,24287.75,12.0,0.85,24500
2026-08-12 13:55:14 IST,24288.0,12.0,0.85,24500
2026-08-12 13:55:15 IST,24288.0,12.0,0.85,24500
2026-08-12 13:55:46 IST,24288.5,12.0,0.85,24500
2026-08-12 13:55:46 IST,24288.5,12.0,0.85,24500
2026-08-12 13:56:18 IST,24287.05,12.0,0.85,24500
2026-08-12 13:56:18 IST,24287.05,12.0,0.85,24500
2026-08-12 13:56:51 IST,24285.65,12.0,0.85,24500
2026-08-12 13:56:51 IST,24285.65,12.0,0.85,24500
2026-08-12 13:57:23 IST,24284.55,12.0,0.85,24500
2026-08-12 13:57:24 IST,24284.55,12.0,0.85,24500
2026-08-12 13:57:56 IST,24282.2,12.0,0.85,24500
2026-08-12 13:57:56 IST,24282.2,12.0,0.85,24500
2026-08-12 13:58:28 IST,24280.4,12.0,0.85,24500
2026-08-12 13:58:28 IST,24280.4,12.0,0.85,24500
2026-08-12 13:59:01 IST,24281.85,12.0,0.85,24500
2026-08-12 13:59:03 IST,24281.85,12.0,0.85,24500
2026-08-12 13:59:34 IST,24282.8,12.0,0.85,24500
2026-08-12 13:59:35 IST,24282.8,12.0,0.85,24500
2026-08-12 14:00:07 IST,24287.55,12.0,0.85,24500
2026-08-12 14:00:07 IST,24287.55,12.0,0.85,24500
2026-08-12 14:00:38 IST,24285.75,12.0,0.85,24500
2026-08-12 14:00:39 IST,24285.75,12.0,0.85,24500
2026-08-12 14:01:10 IST,24286.1,12.0,0.85,24500
2026-08-12 14:01:11 IST,24286.1,12.0,0.85,24500
2026-08-12 14:01:42 IST,24284.35,12.0,0.85,24500
2026-08-12 14:01:42 IST,24284.35,12.0,0.85,24500
2026-08-12 14:02:15 IST,24283.85,12.0,0.85,24500
2026-08-12 14:02:15 IST,24283.85,12.0,0.85,24500
2026-08-12 14:02:47 IST,24283.85,12.0,0.85,24500
2026-08-12 14:02:47 IST,24283.85,12.0,0.85,24500
2026-08-12 14:03:19 IST,24281.9,12.0,0.85,24500
2026-08-12 14:03:19 IST,24281.9,12.0,0.85,24500
2026-08-12 14:04:07 IST,24283.3,12.0,0.85,24500
2026-08-12 14:04:07 IST,24283.3,12.0,0.85,24500
2026-08-12 14:04:38 IST,24277.25,12.0,0.85,24500
2026-08-12 14:04:39 IST,24277.25,12.0,0.85,24500
2026-08-12 14:05:10 IST,24281.75,12.0,0.85,24500
2026-08-12 14:05:11 IST,24281.75,12.0,0.85,24500
2026-08-12 14:05:42 IST,24280.4,12.0,0.85,24500
2026-08-12 14:05:42 IST,24280.4,12.0,0.85,24500
2026-08-12 14:06:14 IST,24281.3,12.0,0.85,24500
2026-08-12 14:06:14 IST,24281.3,12.0,0.85,24500
2026-08-12 14:06:45 IST,24280.6,12.0,0.85,24500
2026-08-12 14:06:46 IST,24280.6,12.0,0.85,24500
2026-08-12 14:07:17 IST,24280.55,12.0,0.85,24500
2026-08-12 14:07:17 IST,24280.55,12.0,0.85,24500
2026-08-12 14:07:49 IST,24281.05,12.0,0.85,24500
2026-08-12 14:07:49 IST,24281.05,12.0,0.85,24500
2026-08-12 14:08:21 IST,24283.55,12.0,0.85,24500
2026-08-12 14:08:21 IST,24283.55,12.0,0.85,24500
2026-08-12 14:08:53 IST,24282.85,12.0,0.85,24500
2026-08-12 14:08:53 IST,24282.85,12.0,0.85,24500
2026-08-12 14:09:24 IST,24282.7,12.0,0.85,24500
2026-08-12 14:09:25 IST,24282.7,12.0,0.85,24500
2026-08-12 14:09:55 IST,24283.45,12.0,0.85,24500
2026-08-12 14:09:56 IST,24283.45,12.0,0.85,24500
2026-08-12 14:10:27 IST,24283.55,12.0,0.85,24500
2026-08-12 14:10:28 IST,24283.55,12.0,0.85,24500
2026-08-12 14:11:01 IST,24283.85,12.0,0.85,24500
2026-08-12 14:11:02 IST,24283.85,12.0,0.85,24500
2026-08-12 14:11:33 IST,24281.4,12.0,0.85,24500
2026-08-12 14:11:34 IST,24281.4,12.0,0.85,24500
2026-08-12 14:12:05 IST,24280.45,12.0,0.85,24500
2026-08-12 14:12:05 IST,24280.45,12.0,0.85,24500
2026-08-12 14:12:36 IST,24279.9,12.0,0.85,24500
2026-08-12 14:12:37 IST,24279.9,12.0,0.85,24500
2026-08-12 14:13:08 IST,24279.3,12.0,0.85,24500
2026-08-12 14:13:08 IST,24279.3,12.0,0.85,24500
2026-08-12 14:13:39 IST,24277.85,12.0,0.85,24500
2026-08-12 14:13:39 IST,24277.85,12.0,0.85,24500
2026-08-12 14:14:11 IST,24278.65,12.0,0.85,24500
2026-08-12 14:14:11 IST,24278.65,12.0,0.85,24500
2026-08-12 14:14:42 IST,24276.35,12.0,0.85,24500
2026-08-12 14:14:43 IST,24276.35,12.0,0.85,24500
2026-08-12 14:15:14 IST,24280.35,12.0,0.85,24500
2026-08-12 14:15:15 IST,24280.35,12.0,0.85,24500
2026-08-12 14:15:46 IST,24281.3,12.0,0.85,24500
2026-08-12 14:15:47 IST,24281.3,12.0,0.85,24500
2026-08-12 14:16:18 IST,24285.05,12.0,0.85,24500
2026-08-12 14:16:18 IST,24285.05,12.0,0.85,24500
2026-08-12 14:16:49 IST,24287.55,12.0,0.85,24500
2026-08-12 14:16:50 IST,24287.55,12.0,0.85,24500
2026-08-12 14:17:21 IST,24289.45,12.0,0.85,24500
2026-08-12 14:17:21 IST,24289.45,12.0,0.85,24500
2026-08-12 14:17:52 IST,24290.45,12.0,0.85,24500
2026-08-12 14:17:53 IST,24290.45,12.0,0.85,24500
2026-08-12 14:18:24 IST,24287.95,12.0,0.85,24500
2026-08-12 14:18:24 IST,24287.95,12.0,0.85,24500
2026-08-12 14:18:55 IST,24288.0,12.0,0.85,24500
2026-08-12 14:18:56 IST,24288.0,12.0,0.85,24500
2026-08-12 14:19:27 IST,24286.8,12.0,0.85,24500
2026-08-12 14:19:27 IST,24286.8,12.0,0.85,24500
2026-08-12 14:19:58 IST,24289.9,12.0,0.85,24500
2026-08-12 14:19:59 IST,24289.9,12.0,0.85,24500
2026-08-12 14:20:30 IST,24288.25,12.0,0.85,24500
2026-08-12 14:20:31 IST,24288.25,12.0,0.85,24500
2026-08-12 14:21:02 IST,24288.8,12.0,0.85,24500
2026-08-12 14:21:02 IST,24288.8,12.0,0.85,24500
2026-08-12 14:21:34 IST,24290.75,12.0,0.85,24500
2026-08-12 14:21:34 IST,24290.75,12.0,0.85,24500
2026-08-12 14:22:05 IST,24289.6,12.0,0.85,24500
2026-08-12 14:22:06 IST,24289.6,12.0,0.85,24500
2026-08-12 14:22:37 IST,24289.9,12.0,0.85,24500
2026-08-12 14:22:38 IST,24289.9,12.0,0.85,24500
2026-08-12 14:23:09 IST,24292.5,12.0,0.85,24500
2026-08-12 14:23:09 IST,24292.5,12.0,0.85,24500
2026-08-12 14:23:40 IST,24293.95,12.0,0.85,24500
2026-08-12 14:23:41 IST,24293.95,12.0,0.85,24500
2026-08-12 14:24:12 IST,24294.4,12.0,0.85,24500
2026-08-12 14:24:12 IST,24294.4,12.0,0.85,24500
2026-08-12 14:24:44 IST,24292.3,12.0,0.85,24500
2026-08-12 14:24:45 IST,24292.3,12.0,0.85,24500
2026-08-12 14:25:17 IST,24292.6,12.0,0.85,24500
2026-08-12 14:25:18 IST,24292.6,12.0,0.85,24500
2026-08-12 14:25:49 IST,24293.25,12.0,0.85,24500
2026-08-12 14:25:50 IST,24293.25,12.0,0.85,24500
2026-08-12 14:26:21 IST,24294.9,12.0,0.85,24500
2026-08-12 14:26:21 IST,24294.9,12.0,0.85,24500
2026-08-12 14:26:53 IST,24295.3,12.0,0.85,24500
2026-08-12 14:26:53 IST,24295.3,12.0,0.85,24500
2026-08-12 14:27:24 IST,24297.65,12.0,0.85,24500
2026-08-12 14:27:25 IST,24297.65,12.0,0.85,24500
2026-08-12 14:27:56 IST,24296.9,12.0,0.85,24500
2026-08-12 14:27:56 IST,24296.9,12.0,0.85,24500
2026-08-12 14:28:27 IST,24295.0,12.0,0.85,24500
2026-08-12 14:28:28 IST,24295.0,12.0,0.85,24500
2026-08-12 14:28:59 IST,24294.75,12.0,0.85,24500
2026-08-12 14:29:00 IST,24294.75,12.0,0.85,24500
2026-08-12 14:29:32 IST,24297.4,12.0,0.85,24500
2026-08-12 14:29:33 IST,24297.4,12.0,0.85,24500
2026-08-12 14:30:04 IST,24299.2,12.0,0.85,24500
2026-08-12 14:30:04 IST,24299.2,12.0,0.85,24500
2026-08-12 14:30:35 IST,24305.2,12.0,0.85,24500
2026-08-12 14:30:36 IST,24305.2,12.0,0.85,24500
2026-08-12 14:31:07 IST,24301.15,12.0,0.85,24500
2026-08-12 14:31:07 IST,24301.15,12.0,0.85,24500
2026-08-12 14:31:39 IST,24309.15,12.0,0.85,24500
2026-08-12 14:31:39 IST,24309.15,12.0,0.85,24500
2026-08-12 14:32:10 IST,24304.5,12.0,0.85,24500
2026-08-12 14:32:10 IST,24304.5,12.0,0.85,24500
2026-08-12 14:32:41 IST,24322.55,12.0,0.85,24500
2026-08-12 14:32:42 IST,24322.55,12.0,0.85,24500
2026-08-12 14:33:22 IST,24583.8,12.0,0.85,24500
2026-08-12 14:33:32 IST,24583.8,12.0,0.85,24500
2026-08-12 14:34:13 IST,24583.8,12.0,0.85,24500
2026-08-12 14:34:23 IST,24583.8,12.0,0.85,24500
2026-08-12 14:35:04 IST,24583.8,12.0,0.85,24500
2026-08-12 14:35:14 IST,24583.8,12.0,0.85,24500
2026-08-12 14:35:55 IST,24583.8,12.0,0.85,24500
2026-08-12 14:36:05 IST,24583.8,12.0,0.85,24500
2026-08-12 14:36:45 IST,24583.8,12.0,0.85,24500
2026-08-12 14:36:55 IST,24583.8,12.0,0.85,24500
2026-08-12 14:37:36 IST,24583.8,12.0,0.85,24500
2026-08-12 14:37:46 IST,24583.8,12.0,0.85,24500
2026-08-12 14:38:27 IST,24583.8,12.0,0.85,24500
2026-08-12 14:38:37 IST,24583.8,12.0,0.85,24500
2026-08-12 14:39:17 IST,24583.8,12.0,0.85,24500
2026-08-12 14:39:28 IST,24583.8,12.0,0.85,24500
2026-08-12 14:40:08 IST,24583.8,12.0,0.85,24500
2026-08-12 14:40:18 IST,24583.8,12.0,0.85,24500
2026-08-12 14:40:59 IST,24583.8,12.0,0.85,24500
2026-08-12 14:41:09 IST,24583.8,12.0,0.85,24500
2026-08-12 14:41:56 IST,24583.8,12.0,0.85,24500
2026-08-12 14:42:06 IST,24583.8,12.0,0.85,24500
2026-08-12 14:42:46 IST,24583.8,12.0,0.85,24500
2026-08-12 14:42:56 IST,24583.8,12.0,0.85,24500
2026-08-12 14:43:37 IST,24583.8,12.0,0.85,24500
2026-08-12 14:43:47 IST,24583.8,12.0,0.85,24500
2026-08-12 14:44:27 IST,24583.8,12.0,0.85,24500
2026-08-12 14:44:37 IST,24583.8,12.0,0.85,24500
2026-08-12 14:45:18 IST,24583.8,12.0,0.85,24500
2026-08-12 14:45:28 IST,24583.8,12.0,0.85,24500
2026-08-12 14:46:09 IST,24583.8,12.0,0.85,24500
2026-08-12 14:46:19 IST,24583.8,12.0,0.85,24500
2026-08-12 14:47:00 IST,24583.8,12.0,0.85,24500
2026-08-12 14:47:10 IST,24583.8,12.0,0.85,24500
2026-08-12 14:47:52 IST,24583.8,12.0,0.85,24500
2026-08-12 14:48:02 IST,24583.8,12.0,0.85,24500
2026-08-12 14:48:42 IST,24583.8,12.0,0.85,24500
2026-08-12 14:48:52 IST,24583.8,12.0,0.85,24500
2026-08-12 14:49:30 IST,24317.6,12.0,0.85,24500
2026-08-12 14:49:30 IST,24317.6,12.0,0.85,24500
2026-08-12 14:50:01 IST,24322.9,12.0,0.85,24500
2026-08-12 14:50:02 IST,24322.9,12.0,0.85,24500
2026-08-12 14:50:33 IST,24326.95,12.0,0.85,24500
2026-08-12 14:50:34 IST,24326.95,12.0,0.85,24500
2026-08-12 14:51:05 IST,24325.55,12.0,0.85,24500
2026-08-12 14:51:06 IST,24325.55,12.0,0.85,24500
2026-08-12 14:51:37 IST,24321.4,12.0,0.85,24500
2026-08-12 14:51:37 IST,24321.4,12.0,0.85,24500
2026-08-12 14:52:08 IST,24324.2,12.0,0.85,24500
2026-08-12 14:52:09 IST,24324.2,12.0,0.85,24500
2026-08-12 14:52:40 IST,24327.7,12.0,0.85,24500
2026-08-12 14:52:41 IST,24327.7,12.0,0.85,24500
2026-08-12 14:53:12 IST,24337.1,12.0,0.85,24500
2026-08-12 14:53:12 IST,24337.1,12.0,0.85,24500
2026-08-12 14:53:43 IST,24337.25,12.0,0.85,24500
2026-08-12 14:53:44 IST,24337.25,12.0,0.85,24500
2026-08-12 14:54:15 IST,24348.25,12.0,0.85,24500
2026-08-12 14:54:16 IST,24348.25,12.0,0.85,24500
2026-08-12 14:54:49 IST,24356.35,12.0,0.85,24500
2026-08-12 14:54:52 IST,24356.35,12.0,0.85,24500
2026-08-12 14:55:24 IST,24381.4,12.0,0.85,24500
2026-08-12 14:55:27 IST,24381.4,12.0,0.85,24500
2026-08-12 14:56:00 IST,24366.2,12.0,0.85,24500
2026-08-12 14:56:10 IST,24583.8,12.0,0.85,24500
2026-08-12 14:56:42 IST,24357.7,12.0,0.85,24500
2026-08-12 14:56:44 IST,24357.7,12.0,0.85,24500
2026-08-12 14:57:15 IST,24355.2,12.0,0.85,24500
2026-08-12 14:57:17 IST,24355.2,12.0,0.85,24500
2026-08-12 14:57:49 IST,24364.7,12.0,0.85,24500
2026-08-12 14:57:50 IST,24364.7,12.0,0.85,24500
2026-08-12 14:58:23 IST,24362.5,12.0,0.85,24500
2026-08-12 14:58:24 IST,24362.5,12.0,0.85,24500
2026-08-12 14:58:57 IST,24364.7,12.0,0.85,24500
2026-08-12 14:58:59 IST,24364.7,12.0,0.85,24500
2026-08-12 14:59:31 IST,24369.0,12.0,0.85,24500
2026-08-12 14:59:31 IST,24369.0,12.0,0.85,24500
2026-08-12 15:00:04 IST,24371.85,12.0,0.85,24500
2026-08-12 15:00:07 IST,24371.85,12.0,0.85,24500
2026-08-12 15:00:40 IST,24370.6,12.0,0.85,24500
2026-08-12 15:00:42 IST,24370.6,12.0,0.85,24500
2026-08-12 15:01:16 IST,24366.05,12.0,0.85,24500
2026-08-12 15:01:17 IST,24366.05,12.0,0.85,24500
2026-08-12 15:01:59 IST,24371.15,12.0,0.85,24500
2026-08-12 15:02:07 IST,24371.15,12.0,0.85,24500
2026-08-12 15:02:43 IST,24371.45,12.0,0.85,24500
2026-08-12 15:02:49 IST,24371.45,12.0,0.85,24500
2026-08-12 15:03:22 IST,24363.0,12.0,0.85,24500
2026-08-12 15:03:31 IST,24363.0,12.0,0.85,24500
2026-08-12 15:04:03 IST,24364.4,12.0,0.85,24500
2026-08-12 15:04:05 IST,24364.4,12.0,0.85,24500
2026-08-12 15:04:37 IST,24362.25,12.0,0.85,24500
2026-08-12 15:04:40 IST,24362.25,12.0,0.85,24500
2026-08-12 15:05:15 IST,24361.25,12.0,0.85,24500
2026-08-12 15:05:18 IST,24361.25,12.0,0.85,24500
2026-08-12 15:06:08 IST,24583.8,12.0,0.85,24500
2026-08-12 15:06:12 IST,24360.45,12.0,0.85,24500
2026-08-12 15:06:53 IST,24583.8,12.0,0.85,24500
2026-08-12 15:07:00 IST,24353.9,12.0,0.85,24500
2026-08-12 15:07:32 IST,24350.5,12.0,0.85,24500
2026-08-12 15:07:36 IST,24350.5,12.0,0.85,24500
2026-08-12 15:08:11 IST,24350.2,12.0,0.85,24500
2026-08-12 15:08:11 IST,24350.2,12.0,0.85,24500
2026-08-12 15:08:44 IST,24346.65,12.0,0.85,24500
2026-08-12 15:08:47 IST,24346.65,12.0,0.85,24500
2026-08-12 15:09:28 IST,24583.8,12.0,0.85,24500
2026-08-12 15:09:32 IST,24345.7,12.0,0.85,24500
2026-08-12 15:10:06 IST,24356.1,12.0,0.85,24500
2026-08-12 15:10:07 IST,24356.1,12.0,0.85,24500
2026-08-12 15:10:41 IST,24352.45,12.0,0.85,24500
2026-08-12 15:10:43 IST,24352.45,12.0,0.85,24500
2026-08-12 15:11:18 IST,24363.8,12.0,0.85,24500
2026-08-12 15:11:22 IST,24363.8,12.0,0.85,24500
2026-08-12 15:11:55 IST,24365.95,12.0,0.85,24500
2026-08-12 15:11:57 IST,24365.95,12.0,0.85,24500
2026-08-12 15:12:30 IST,24370.65,12.0,0.85,24500
2026-08-12 15:12:31 IST,24370.65,12.0,0.85,24500
2026-08-12 15:13:03 IST,24367.0,12.0,0.85,24500
2026-08-12 15:13:13 IST,24583.8,12.0,0.85,24500
2026-08-12 15:13:50 IST,24369.9,12.0,0.85,24500
2026-08-12 15:13:52 IST,24369.9,12.0,0.85,24500
2026-08-12 15:14:33 IST,24583.8,12.0,0.85,24500
2026-08-12 15:14:36 IST,24369.05,12.0,0.85,24500
2026-08-12 15:15:11 IST,24361.7,12.0,0.85,24500
2026-08-12 15:15:12 IST,24361.7,12.0,0.85,24500
2026-08-12 15:15:44 IST,24361.7,12.0,0.85,24500
2026-08-12 15:15:52 IST,24361.7,12.0,0.85,24500
2026-08-12 15:16:31 IST,24361.7,12.0,0.85,24500
2026-08-12 15:16:32 IST,24361.7,12.0,0.85,24500
2026-08-12 15:17:06 IST,24361.7,12.0,0.85,24500
2026-08-12 15:17:09 IST,24361.7,12.0,0.85,24500
2026-08-12 15:17:41 IST,24361.7,12.0,0.85,24500
2026-08-12 15:17:43 IST,24361.7,12.0,0.85,24500
2026-08-12 15:18:16 IST,24361.7,12.0,0.85,24500
2026-08-12 15:18:18 IST,24361.7,12.0,0.85,24500
2026-08-12 15:18:51 IST,24361.7,12.0,0.85,24500
2026-08-12 15:18:52 IST,24361.7,12.0,0.85,24500
2026-08-12 15:19:28 IST,24361.7,12.0,0.85,24500
2026-08-12 15:19:33 IST,24361.7,12.0,0.85,24500
2026-08-12 15:20:12 IST,24361.7,12.0,0.85,24500
2026-08-12 15:20:14 IST,24361.7,12.0,0.85,24500
2026-08-12 15:20:47 IST,24361.7,12.0,0.85,24500
2026-08-12 15:20:49 IST,24361.7,12.0,0.85,24500
2026-08-12 15:21:21 IST,24361.7,12.0,0.85,24500
2026-08-12 15:21:26 IST,24361.7,12.0,0.85,24500
2026-08-12 15:22:00 IST,24361.7,12.0,0.85,24500
2026-08-12 15:22:04 IST,24361.7,12.0,0.85,24500
2026-08-12 15:22:37 IST,24361.7,12.0,0.85,24500
2026-08-12 15:22:39 IST,24361.7,12.0,0.85,24500
2026-08-12 15:23:13 IST,24361.7,12.0,0.85,24500
2026-08-12 15:23:16 IST,24361.7,12.0,0.85,24500
2026-08-12 15:23:49 IST,24361.7,12.0,0.85,24500
2026-08-12 15:23:50 IST,24583.8,12.0,0.85,24500
2026-08-12 15:23:50 IST,24361.7,12.0,0.85,24500
2026-08-12 15:24:24 IST,24361.7,12.0,0.85,24500
2026-08-12 15:24:25 IST,24361.7,12.0,0.85,24500
2026-08-12 15:24:57 IST,24361.7,12.0,0.85,24500
2026-08-12 15:25:06 IST,24361.7,12.0,0.85,24500
2026-08-12 15:25:40 IST,24361.7,12.0,0.85,24500
2026-08-12 15:25:44 IST,24361.7,12.0,0.85,24500
2026-08-12 15:26:18 IST,24361.7,12.0,0.85,24500
2026-08-12 15:26:20 IST,24361.7,12.0,0.85,24500
2026-08-12 15:26:51 IST,24361.7,12.0,0.85,24500
2026-08-12 15:26:51 IST,24361.7,12.0,0.85,24500
2026-08-12 15:27:23 IST,24361.7,12.0,0.85,24500
2026-08-12 15:27:33 IST,24583.8,12.0,0.85,24500
2026-08-12 15:28:09 IST,24361.7,12.0,0.85,24500
2026-08-12 15:28:12 IST,24361.7,12.0,0.85,24500
2026-08-12 15:28:46 IST,24435.95,12.0,0.85,24500
2026-08-12 15:28:48 IST,24435.95,12.0,0.85,24500
2026-08-12 15:29:21 IST,24435.95,12.0,0.85,24500
2026-08-12 15:29:23 IST,24435.95,12.0,0.85,24500
2026-08-12 15:29:56 IST,24435.95,12.0,0.85,24500
2026-08-12 15:29:58 IST,24435.95,12.0,0.85,24500
2026-08-12 15:30:30 IST,24435.95,12.0,0.85,24500
2026-08-12 15:30:31 IST,24435.95,12.0,0.85,24500
2026-08-12 15:31:06 IST,24435.95,12.0,0.85,24500
2026-08-12 15:31:09 IST,24435.95,12.0,0.85,24500
2026-08-12 15:31:40 IST,24435.95,12.0,0.85,24500
2026-08-12 15:31:44 IST,24435.95,12.0,0.85,24500
2026-08-12 15:32:17 IST,24435.95,12.0,0.85,24500
2026-08-12 15:32:19 IST,24435.95,12.0,0.85,24500
2026-08-12 15:55:06 IST,24435.95,12.0,0.85,24500
2026-08-12 18:48:54 IST,24435.95,12.0,0.85,24500
